Queue ID,Object,Current Level,Target Level,Source Tier,Decision,Next Source Action,Blocked Until,External Mutation
CANON4-Q001,CAP-MOD-DRAFT-516,L2-ROUTING-MARKER,L3-MODULE-SEMANTICS,T3,Hold at L2,Find or curate direct Inspiration behavior source,"Primary definition and blocked AutoFlow boundary exist",No
CANON4-Q002,CAP-MOD-DRAFT-520,L2-ROUTING-MARKER,L3-MODULE-SEMANTICS,T3,Hold at L2,Curate primary SessionStart definition and bounded test,"SessionStart definition and non-mutation boundary exist",No
CANON4-Q003,CAP-MOD-DRAFT-521,L1 live / L2 local,L3-MODULE-SEMANTICS,T2,Hold at L2 after SOURCE-521,"Apply future Notion update only after explicit GO; curate reviewed primary module definition and tests before L3","Preflight automation and 777-depth behavior stay blocked",No
CANON4-Q004,CAP-MOD-DRAFT-540,L2-ROUTING-MARKER,L3-MODULE-SEMANTICS,T3,Hold at L2,Tie Observable Momentum to explicit Prism/CAP text,"Metric/proof language has bounded wording",No
CANON4-Q005,CAP-MOD-DRAFT-544,L2-ROUTING-MARKER,L3-MODULE-SEMANTICS,T3,Hold at L2,Add explicit synchronization scope source and test,"Full workspace sync and automatic sync claims are blocked",No
CANON4-Q006,Canon Registry Fields,Draft,Registry-ready,T1,Prepare package,Define Canon Level Source Tier Decision Blocked Claims and Next Source Action fields,"Explicit Notion apply command exists",No
CANON4-Q007,Sensitivity-Held Trigger Material,Sensitivity Hold,L1/L2 after review,T5,Keep held,Review 777 988-992 private/token/integrity lanes through SENS-002,"Protected lanes have redaction and admission rule",No
CANON4-Q008,Prism/Public Canon Boundary,Draft,L4 gate,T0,Prepare gate,Bind L4 public claims to Zenodo/release boundary and companion material rule,"Distinct public-safe artifact or companion note exists",No
CANON4-Q009,Canon Downgrade Mechanism,Draft,Operational rule,T1,Admit rule,Record downgrade conditions in rulebook and future registry package,"Downgrade rule is present for each admitted claim",No
