Sample Handle,Review Focus,Signal Group,Signal Count,Public Meaning
xport2-sample-001,tokenomics_trigger_shared,cap_ii_tokenomics,982,count-only signal; not raw evidence
xport2-sample-001,tokenomics_trigger_shared,control_tower,2216,count-only signal; not raw evidence
xport2-sample-001,tokenomics_trigger_shared,mermaid_graph,222,count-only signal; not raw evidence
xport2-sample-001,tokenomics_trigger_shared,metarotik,206,count-only signal; not raw evidence
xport2-sample-001,tokenomics_trigger_shared,notion_workspace,4568,count-only signal; not raw evidence
xport2-sample-001,tokenomics_trigger_shared,source_governance,1048,count-only signal; not raw evidence
xport2-sample-001,tokenomics_trigger_shared,tnpx_patent_ip,356,count-only signal; not raw evidence
xport2-sample-001,tokenomics_trigger_shared,trigger_core,1242,count-only signal; not raw evidence
xport2-sample-002,tokenomics_trigger_shared,cap_ii_tokenomics,164,count-only signal; not raw evidence
xport2-sample-002,tokenomics_trigger_shared,control_tower,962,count-only signal; not raw evidence
xport2-sample-002,tokenomics_trigger_shared,mermaid_graph,178,count-only signal; not raw evidence
xport2-sample-002,tokenomics_trigger_shared,metarotik,296,count-only signal; not raw evidence
xport2-sample-002,tokenomics_trigger_shared,notion_workspace,584,count-only signal; not raw evidence
xport2-sample-002,tokenomics_trigger_shared,source_governance,330,count-only signal; not raw evidence
xport2-sample-002,tokenomics_trigger_shared,tnpx_patent_ip,100,count-only signal; not raw evidence
xport2-sample-002,tokenomics_trigger_shared,trigger_core,408,count-only signal; not raw evidence
xport2-sample-003,tokenomics_trigger_shared,cap_ii_tokenomics,113,count-only signal; not raw evidence
xport2-sample-003,tokenomics_trigger_shared,control_tower,516,count-only signal; not raw evidence
xport2-sample-003,tokenomics_trigger_shared,mermaid_graph,11,count-only signal; not raw evidence
xport2-sample-003,tokenomics_trigger_shared,metarotik,0,count-only signal; not raw evidence
xport2-sample-003,tokenomics_trigger_shared,notion_workspace,243,count-only signal; not raw evidence
xport2-sample-003,tokenomics_trigger_shared,source_governance,35,count-only signal; not raw evidence
xport2-sample-003,tokenomics_trigger_shared,tnpx_patent_ip,57,count-only signal; not raw evidence
xport2-sample-003,tokenomics_trigger_shared,trigger_core,467,count-only signal; not raw evidence
xport2-sample-004,tokenomics_trigger_shared,cap_ii_tokenomics,98,count-only signal; not raw evidence
xport2-sample-004,tokenomics_trigger_shared,control_tower,340,count-only signal; not raw evidence
xport2-sample-004,tokenomics_trigger_shared,mermaid_graph,26,count-only signal; not raw evidence
xport2-sample-004,tokenomics_trigger_shared,metarotik,18,count-only signal; not raw evidence
xport2-sample-004,tokenomics_trigger_shared,notion_workspace,1002,count-only signal; not raw evidence
xport2-sample-004,tokenomics_trigger_shared,source_governance,220,count-only signal; not raw evidence
xport2-sample-004,tokenomics_trigger_shared,tnpx_patent_ip,16,count-only signal; not raw evidence
xport2-sample-004,tokenomics_trigger_shared,trigger_core,176,count-only signal; not raw evidence
xport2-sample-005,tokenomics_trigger_shared,cap_ii_tokenomics,8,count-only signal; not raw evidence
xport2-sample-005,tokenomics_trigger_shared,control_tower,64,count-only signal; not raw evidence
xport2-sample-005,tokenomics_trigger_shared,mermaid_graph,0,count-only signal; not raw evidence
xport2-sample-005,tokenomics_trigger_shared,metarotik,2,count-only signal; not raw evidence
xport2-sample-005,tokenomics_trigger_shared,notion_workspace,18,count-only signal; not raw evidence
xport2-sample-005,tokenomics_trigger_shared,source_governance,72,count-only signal; not raw evidence
xport2-sample-005,tokenomics_trigger_shared,tnpx_patent_ip,2,count-only signal; not raw evidence
xport2-sample-005,tokenomics_trigger_shared,trigger_core,22,count-only signal; not raw evidence
xport2-sample-006,tokenomics_trigger_shared,cap_ii_tokenomics,5,count-only signal; not raw evidence
xport2-sample-006,tokenomics_trigger_shared,control_tower,62,count-only signal; not raw evidence
xport2-sample-006,tokenomics_trigger_shared,mermaid_graph,0,count-only signal; not raw evidence
xport2-sample-006,tokenomics_trigger_shared,metarotik,0,count-only signal; not raw evidence
xport2-sample-006,tokenomics_trigger_shared,notion_workspace,54,count-only signal; not raw evidence
xport2-sample-006,tokenomics_trigger_shared,source_governance,74,count-only signal; not raw evidence
xport2-sample-006,tokenomics_trigger_shared,tnpx_patent_ip,6,count-only signal; not raw evidence
xport2-sample-006,tokenomics_trigger_shared,trigger_core,123,count-only signal; not raw evidence
xport2-sample-007,tokenomics_only,cap_ii_tokenomics,0,count-only signal; not raw evidence
xport2-sample-007,tokenomics_only,control_tower,14,count-only signal; not raw evidence
xport2-sample-007,tokenomics_only,mermaid_graph,10,count-only signal; not raw evidence
xport2-sample-007,tokenomics_only,metarotik,16,count-only signal; not raw evidence
xport2-sample-007,tokenomics_only,notion_workspace,4,count-only signal; not raw evidence
xport2-sample-007,tokenomics_only,source_governance,10,count-only signal; not raw evidence
xport2-sample-007,tokenomics_only,tnpx_patent_ip,0,count-only signal; not raw evidence
xport2-sample-007,tokenomics_only,trigger_core,0,count-only signal; not raw evidence
xport2-sample-008,tokenomics_only,cap_ii_tokenomics,2,count-only signal; not raw evidence
xport2-sample-008,tokenomics_only,control_tower,0,count-only signal; not raw evidence
xport2-sample-008,tokenomics_only,mermaid_graph,0,count-only signal; not raw evidence
xport2-sample-008,tokenomics_only,metarotik,0,count-only signal; not raw evidence
xport2-sample-008,tokenomics_only,notion_workspace,30,count-only signal; not raw evidence
xport2-sample-008,tokenomics_only,source_governance,228,count-only signal; not raw evidence
xport2-sample-008,tokenomics_only,tnpx_patent_ip,0,count-only signal; not raw evidence
xport2-sample-008,tokenomics_only,trigger_core,0,count-only signal; not raw evidence
xport2-sample-009,tokenomics_only,cap_ii_tokenomics,0,count-only signal; not raw evidence
xport2-sample-009,tokenomics_only,control_tower,6,count-only signal; not raw evidence
xport2-sample-009,tokenomics_only,mermaid_graph,4,count-only signal; not raw evidence
xport2-sample-009,tokenomics_only,metarotik,6,count-only signal; not raw evidence
xport2-sample-009,tokenomics_only,notion_workspace,2,count-only signal; not raw evidence
xport2-sample-009,tokenomics_only,source_governance,4,count-only signal; not raw evidence
xport2-sample-009,tokenomics_only,tnpx_patent_ip,0,count-only signal; not raw evidence
xport2-sample-009,tokenomics_only,trigger_core,0,count-only signal; not raw evidence
xport2-sample-010,trigger_only,cap_ii_tokenomics,0,count-only signal; not raw evidence
xport2-sample-010,trigger_only,control_tower,1,count-only signal; not raw evidence
xport2-sample-010,trigger_only,mermaid_graph,0,count-only signal; not raw evidence
xport2-sample-010,trigger_only,metarotik,0,count-only signal; not raw evidence
xport2-sample-010,trigger_only,notion_workspace,9,count-only signal; not raw evidence
xport2-sample-010,trigger_only,source_governance,0,count-only signal; not raw evidence
xport2-sample-010,trigger_only,tnpx_patent_ip,0,count-only signal; not raw evidence
xport2-sample-010,trigger_only,trigger_core,6,count-only signal; not raw evidence
xport2-sample-011,trigger_only,cap_ii_tokenomics,0,count-only signal; not raw evidence
xport2-sample-011,trigger_only,control_tower,0,count-only signal; not raw evidence
xport2-sample-011,trigger_only,mermaid_graph,2,count-only signal; not raw evidence
xport2-sample-011,trigger_only,metarotik,0,count-only signal; not raw evidence
xport2-sample-011,trigger_only,notion_workspace,24,count-only signal; not raw evidence
xport2-sample-011,trigger_only,source_governance,104,count-only signal; not raw evidence
xport2-sample-011,trigger_only,tnpx_patent_ip,0,count-only signal; not raw evidence
xport2-sample-011,trigger_only,trigger_core,6,count-only signal; not raw evidence
xport2-sample-012,trigger_only,cap_ii_tokenomics,0,count-only signal; not raw evidence
xport2-sample-012,trigger_only,control_tower,0,count-only signal; not raw evidence
xport2-sample-012,trigger_only,mermaid_graph,0,count-only signal; not raw evidence
xport2-sample-012,trigger_only,metarotik,0,count-only signal; not raw evidence
xport2-sample-012,trigger_only,notion_workspace,2,count-only signal; not raw evidence
xport2-sample-012,trigger_only,source_governance,4,count-only signal; not raw evidence
xport2-sample-012,trigger_only,tnpx_patent_ip,0,count-only signal; not raw evidence
xport2-sample-012,trigger_only,trigger_core,0,count-only signal; not raw evidence
