pdf_page,text_file,anchor
1,text/pages-001-025.md,pdf-page-1
2,text/pages-001-025.md,pdf-page-2
3,text/pages-001-025.md,pdf-page-3
4,text/pages-001-025.md,pdf-page-4
5,text/pages-001-025.md,pdf-page-5
6,text/pages-001-025.md,pdf-page-6
7,text/pages-001-025.md,pdf-page-7
8,text/pages-001-025.md,pdf-page-8
9,text/pages-001-025.md,pdf-page-9
10,text/pages-001-025.md,pdf-page-10
11,text/pages-001-025.md,pdf-page-11
12,text/pages-001-025.md,pdf-page-12
13,text/pages-001-025.md,pdf-page-13
14,text/pages-001-025.md,pdf-page-14
15,text/pages-001-025.md,pdf-page-15
16,text/pages-001-025.md,pdf-page-16
17,text/pages-001-025.md,pdf-page-17
18,text/pages-001-025.md,pdf-page-18
19,text/pages-001-025.md,pdf-page-19
20,text/pages-001-025.md,pdf-page-20
21,text/pages-001-025.md,pdf-page-21
22,text/pages-001-025.md,pdf-page-22
23,text/pages-001-025.md,pdf-page-23
24,text/pages-001-025.md,pdf-page-24
25,text/pages-001-025.md,pdf-page-25
26,text/pages-026-050.md,pdf-page-26
27,text/pages-026-050.md,pdf-page-27
28,text/pages-026-050.md,pdf-page-28
29,text/pages-026-050.md,pdf-page-29
30,text/pages-026-050.md,pdf-page-30
31,text/pages-026-050.md,pdf-page-31
32,text/pages-026-050.md,pdf-page-32
33,text/pages-026-050.md,pdf-page-33
34,text/pages-026-050.md,pdf-page-34
35,text/pages-026-050.md,pdf-page-35
36,text/pages-026-050.md,pdf-page-36
37,text/pages-026-050.md,pdf-page-37
38,text/pages-026-050.md,pdf-page-38
39,text/pages-026-050.md,pdf-page-39
40,text/pages-026-050.md,pdf-page-40
41,text/pages-026-050.md,pdf-page-41
42,text/pages-026-050.md,pdf-page-42
43,text/pages-026-050.md,pdf-page-43
44,text/pages-026-050.md,pdf-page-44
45,text/pages-026-050.md,pdf-page-45
46,text/pages-026-050.md,pdf-page-46
47,text/pages-026-050.md,pdf-page-47
48,text/pages-026-050.md,pdf-page-48
49,text/pages-026-050.md,pdf-page-49
50,text/pages-026-050.md,pdf-page-50
51,text/pages-051-075.md,pdf-page-51
52,text/pages-051-075.md,pdf-page-52
53,text/pages-051-075.md,pdf-page-53
54,text/pages-051-075.md,pdf-page-54
55,text/pages-051-075.md,pdf-page-55
56,text/pages-051-075.md,pdf-page-56
57,text/pages-051-075.md,pdf-page-57
58,text/pages-051-075.md,pdf-page-58
59,text/pages-051-075.md,pdf-page-59
60,text/pages-051-075.md,pdf-page-60
61,text/pages-051-075.md,pdf-page-61
62,text/pages-051-075.md,pdf-page-62
63,text/pages-051-075.md,pdf-page-63
64,text/pages-051-075.md,pdf-page-64
65,text/pages-051-075.md,pdf-page-65
66,text/pages-051-075.md,pdf-page-66
67,text/pages-051-075.md,pdf-page-67
68,text/pages-051-075.md,pdf-page-68
69,text/pages-051-075.md,pdf-page-69
70,text/pages-051-075.md,pdf-page-70
71,text/pages-051-075.md,pdf-page-71
72,text/pages-051-075.md,pdf-page-72
73,text/pages-051-075.md,pdf-page-73
74,text/pages-051-075.md,pdf-page-74
75,text/pages-051-075.md,pdf-page-75
76,text/pages-076-100.md,pdf-page-76
77,text/pages-076-100.md,pdf-page-77
78,text/pages-076-100.md,pdf-page-78
79,text/pages-076-100.md,pdf-page-79
80,text/pages-076-100.md,pdf-page-80
81,text/pages-076-100.md,pdf-page-81
82,text/pages-076-100.md,pdf-page-82
83,text/pages-076-100.md,pdf-page-83
84,text/pages-076-100.md,pdf-page-84
85,text/pages-076-100.md,pdf-page-85
86,text/pages-076-100.md,pdf-page-86
87,text/pages-076-100.md,pdf-page-87
88,text/pages-076-100.md,pdf-page-88
89,text/pages-076-100.md,pdf-page-89
90,text/pages-076-100.md,pdf-page-90
91,text/pages-076-100.md,pdf-page-91
92,text/pages-076-100.md,pdf-page-92
93,text/pages-076-100.md,pdf-page-93
94,text/pages-076-100.md,pdf-page-94
95,text/pages-076-100.md,pdf-page-95
96,text/pages-076-100.md,pdf-page-96
97,text/pages-076-100.md,pdf-page-97
98,text/pages-076-100.md,pdf-page-98
99,text/pages-076-100.md,pdf-page-99
100,text/pages-076-100.md,pdf-page-100
101,text/pages-101-125.md,pdf-page-101
102,text/pages-101-125.md,pdf-page-102
103,text/pages-101-125.md,pdf-page-103
104,text/pages-101-125.md,pdf-page-104
105,text/pages-101-125.md,pdf-page-105
106,text/pages-101-125.md,pdf-page-106
107,text/pages-101-125.md,pdf-page-107
108,text/pages-101-125.md,pdf-page-108
109,text/pages-101-125.md,pdf-page-109
110,text/pages-101-125.md,pdf-page-110
111,text/pages-101-125.md,pdf-page-111
112,text/pages-101-125.md,pdf-page-112
113,text/pages-101-125.md,pdf-page-113
114,text/pages-101-125.md,pdf-page-114
115,text/pages-101-125.md,pdf-page-115
116,text/pages-101-125.md,pdf-page-116
117,text/pages-101-125.md,pdf-page-117
118,text/pages-101-125.md,pdf-page-118
119,text/pages-101-125.md,pdf-page-119
120,text/pages-101-125.md,pdf-page-120
121,text/pages-101-125.md,pdf-page-121
122,text/pages-101-125.md,pdf-page-122
123,text/pages-101-125.md,pdf-page-123
124,text/pages-101-125.md,pdf-page-124
125,text/pages-101-125.md,pdf-page-125
126,text/pages-126-150.md,pdf-page-126
127,text/pages-126-150.md,pdf-page-127
128,text/pages-126-150.md,pdf-page-128
129,text/pages-126-150.md,pdf-page-129
130,text/pages-126-150.md,pdf-page-130
131,text/pages-126-150.md,pdf-page-131
132,text/pages-126-150.md,pdf-page-132
133,text/pages-126-150.md,pdf-page-133
134,text/pages-126-150.md,pdf-page-134
135,text/pages-126-150.md,pdf-page-135
136,text/pages-126-150.md,pdf-page-136
137,text/pages-126-150.md,pdf-page-137
138,text/pages-126-150.md,pdf-page-138
139,text/pages-126-150.md,pdf-page-139
140,text/pages-126-150.md,pdf-page-140
141,text/pages-126-150.md,pdf-page-141
142,text/pages-126-150.md,pdf-page-142
143,text/pages-126-150.md,pdf-page-143
144,text/pages-126-150.md,pdf-page-144
145,text/pages-126-150.md,pdf-page-145
146,text/pages-126-150.md,pdf-page-146
147,text/pages-126-150.md,pdf-page-147
148,text/pages-126-150.md,pdf-page-148
149,text/pages-126-150.md,pdf-page-149
150,text/pages-126-150.md,pdf-page-150
151,text/pages-151-175.md,pdf-page-151
152,text/pages-151-175.md,pdf-page-152
153,text/pages-151-175.md,pdf-page-153
154,text/pages-151-175.md,pdf-page-154
155,text/pages-151-175.md,pdf-page-155
156,text/pages-151-175.md,pdf-page-156
157,text/pages-151-175.md,pdf-page-157
158,text/pages-151-175.md,pdf-page-158
159,text/pages-151-175.md,pdf-page-159
160,text/pages-151-175.md,pdf-page-160
161,text/pages-151-175.md,pdf-page-161
162,text/pages-151-175.md,pdf-page-162
163,text/pages-151-175.md,pdf-page-163
164,text/pages-151-175.md,pdf-page-164
165,text/pages-151-175.md,pdf-page-165
166,text/pages-151-175.md,pdf-page-166
167,text/pages-151-175.md,pdf-page-167
168,text/pages-151-175.md,pdf-page-168
169,text/pages-151-175.md,pdf-page-169
170,text/pages-151-175.md,pdf-page-170
171,text/pages-151-175.md,pdf-page-171
172,text/pages-151-175.md,pdf-page-172
173,text/pages-151-175.md,pdf-page-173
174,text/pages-151-175.md,pdf-page-174
175,text/pages-151-175.md,pdf-page-175
176,text/pages-176-200.md,pdf-page-176
177,text/pages-176-200.md,pdf-page-177
178,text/pages-176-200.md,pdf-page-178
179,text/pages-176-200.md,pdf-page-179
180,text/pages-176-200.md,pdf-page-180
181,text/pages-176-200.md,pdf-page-181
182,text/pages-176-200.md,pdf-page-182
183,text/pages-176-200.md,pdf-page-183
184,text/pages-176-200.md,pdf-page-184
185,text/pages-176-200.md,pdf-page-185
186,text/pages-176-200.md,pdf-page-186
187,text/pages-176-200.md,pdf-page-187
188,text/pages-176-200.md,pdf-page-188
189,text/pages-176-200.md,pdf-page-189
190,text/pages-176-200.md,pdf-page-190
191,text/pages-176-200.md,pdf-page-191
192,text/pages-176-200.md,pdf-page-192
193,text/pages-176-200.md,pdf-page-193
194,text/pages-176-200.md,pdf-page-194
195,text/pages-176-200.md,pdf-page-195
196,text/pages-176-200.md,pdf-page-196
197,text/pages-176-200.md,pdf-page-197
198,text/pages-176-200.md,pdf-page-198
199,text/pages-176-200.md,pdf-page-199
200,text/pages-176-200.md,pdf-page-200
201,text/pages-201-225.md,pdf-page-201
202,text/pages-201-225.md,pdf-page-202
203,text/pages-201-225.md,pdf-page-203
204,text/pages-201-225.md,pdf-page-204
205,text/pages-201-225.md,pdf-page-205
206,text/pages-201-225.md,pdf-page-206
207,text/pages-201-225.md,pdf-page-207
208,text/pages-201-225.md,pdf-page-208
209,text/pages-201-225.md,pdf-page-209
210,text/pages-201-225.md,pdf-page-210
211,text/pages-201-225.md,pdf-page-211
212,text/pages-201-225.md,pdf-page-212
213,text/pages-201-225.md,pdf-page-213
214,text/pages-201-225.md,pdf-page-214
215,text/pages-201-225.md,pdf-page-215
216,text/pages-201-225.md,pdf-page-216
217,text/pages-201-225.md,pdf-page-217
218,text/pages-201-225.md,pdf-page-218
219,text/pages-201-225.md,pdf-page-219
220,text/pages-201-225.md,pdf-page-220
221,text/pages-201-225.md,pdf-page-221
222,text/pages-201-225.md,pdf-page-222
223,text/pages-201-225.md,pdf-page-223
224,text/pages-201-225.md,pdf-page-224
225,text/pages-201-225.md,pdf-page-225
226,text/pages-226-250.md,pdf-page-226
227,text/pages-226-250.md,pdf-page-227
228,text/pages-226-250.md,pdf-page-228
229,text/pages-226-250.md,pdf-page-229
230,text/pages-226-250.md,pdf-page-230
231,text/pages-226-250.md,pdf-page-231
232,text/pages-226-250.md,pdf-page-232
233,text/pages-226-250.md,pdf-page-233
234,text/pages-226-250.md,pdf-page-234
235,text/pages-226-250.md,pdf-page-235
236,text/pages-226-250.md,pdf-page-236
237,text/pages-226-250.md,pdf-page-237
238,text/pages-226-250.md,pdf-page-238
239,text/pages-226-250.md,pdf-page-239
240,text/pages-226-250.md,pdf-page-240
241,text/pages-226-250.md,pdf-page-241
242,text/pages-226-250.md,pdf-page-242
243,text/pages-226-250.md,pdf-page-243
244,text/pages-226-250.md,pdf-page-244
245,text/pages-226-250.md,pdf-page-245
246,text/pages-226-250.md,pdf-page-246
247,text/pages-226-250.md,pdf-page-247
248,text/pages-226-250.md,pdf-page-248
249,text/pages-226-250.md,pdf-page-249
250,text/pages-226-250.md,pdf-page-250
251,text/pages-251-275.md,pdf-page-251
252,text/pages-251-275.md,pdf-page-252
253,text/pages-251-275.md,pdf-page-253
254,text/pages-251-275.md,pdf-page-254
255,text/pages-251-275.md,pdf-page-255
256,text/pages-251-275.md,pdf-page-256
257,text/pages-251-275.md,pdf-page-257
258,text/pages-251-275.md,pdf-page-258
259,text/pages-251-275.md,pdf-page-259
260,text/pages-251-275.md,pdf-page-260
261,text/pages-251-275.md,pdf-page-261
262,text/pages-251-275.md,pdf-page-262
263,text/pages-251-275.md,pdf-page-263
264,text/pages-251-275.md,pdf-page-264
265,text/pages-251-275.md,pdf-page-265
266,text/pages-251-275.md,pdf-page-266
267,text/pages-251-275.md,pdf-page-267
268,text/pages-251-275.md,pdf-page-268
269,text/pages-251-275.md,pdf-page-269
270,text/pages-251-275.md,pdf-page-270
271,text/pages-251-275.md,pdf-page-271
272,text/pages-251-275.md,pdf-page-272
273,text/pages-251-275.md,pdf-page-273
274,text/pages-251-275.md,pdf-page-274
275,text/pages-251-275.md,pdf-page-275
276,text/pages-276-300.md,pdf-page-276
277,text/pages-276-300.md,pdf-page-277
278,text/pages-276-300.md,pdf-page-278
279,text/pages-276-300.md,pdf-page-279
280,text/pages-276-300.md,pdf-page-280
281,text/pages-276-300.md,pdf-page-281
282,text/pages-276-300.md,pdf-page-282
283,text/pages-276-300.md,pdf-page-283
284,text/pages-276-300.md,pdf-page-284
285,text/pages-276-300.md,pdf-page-285
286,text/pages-276-300.md,pdf-page-286
287,text/pages-276-300.md,pdf-page-287
288,text/pages-276-300.md,pdf-page-288
289,text/pages-276-300.md,pdf-page-289
290,text/pages-276-300.md,pdf-page-290
291,text/pages-276-300.md,pdf-page-291
292,text/pages-276-300.md,pdf-page-292
293,text/pages-276-300.md,pdf-page-293
294,text/pages-276-300.md,pdf-page-294
295,text/pages-276-300.md,pdf-page-295
296,text/pages-276-300.md,pdf-page-296
297,text/pages-276-300.md,pdf-page-297
298,text/pages-276-300.md,pdf-page-298
299,text/pages-276-300.md,pdf-page-299
300,text/pages-276-300.md,pdf-page-300
301,text/pages-301-325.md,pdf-page-301
302,text/pages-301-325.md,pdf-page-302
303,text/pages-301-325.md,pdf-page-303
304,text/pages-301-325.md,pdf-page-304
305,text/pages-301-325.md,pdf-page-305
306,text/pages-301-325.md,pdf-page-306
307,text/pages-301-325.md,pdf-page-307
308,text/pages-301-325.md,pdf-page-308
309,text/pages-301-325.md,pdf-page-309
310,text/pages-301-325.md,pdf-page-310
311,text/pages-301-325.md,pdf-page-311
312,text/pages-301-325.md,pdf-page-312
313,text/pages-301-325.md,pdf-page-313
314,text/pages-301-325.md,pdf-page-314
315,text/pages-301-325.md,pdf-page-315
316,text/pages-301-325.md,pdf-page-316
317,text/pages-301-325.md,pdf-page-317
318,text/pages-301-325.md,pdf-page-318
319,text/pages-301-325.md,pdf-page-319
320,text/pages-301-325.md,pdf-page-320
321,text/pages-301-325.md,pdf-page-321
322,text/pages-301-325.md,pdf-page-322
323,text/pages-301-325.md,pdf-page-323
324,text/pages-301-325.md,pdf-page-324
325,text/pages-301-325.md,pdf-page-325
326,text/pages-326-350.md,pdf-page-326
327,text/pages-326-350.md,pdf-page-327
328,text/pages-326-350.md,pdf-page-328
329,text/pages-326-350.md,pdf-page-329
330,text/pages-326-350.md,pdf-page-330
331,text/pages-326-350.md,pdf-page-331
332,text/pages-326-350.md,pdf-page-332
333,text/pages-326-350.md,pdf-page-333
334,text/pages-326-350.md,pdf-page-334
335,text/pages-326-350.md,pdf-page-335
336,text/pages-326-350.md,pdf-page-336
337,text/pages-326-350.md,pdf-page-337
338,text/pages-326-350.md,pdf-page-338
339,text/pages-326-350.md,pdf-page-339
340,text/pages-326-350.md,pdf-page-340
341,text/pages-326-350.md,pdf-page-341
342,text/pages-326-350.md,pdf-page-342
343,text/pages-326-350.md,pdf-page-343
344,text/pages-326-350.md,pdf-page-344
345,text/pages-326-350.md,pdf-page-345
346,text/pages-326-350.md,pdf-page-346
347,text/pages-326-350.md,pdf-page-347
348,text/pages-326-350.md,pdf-page-348
349,text/pages-326-350.md,pdf-page-349
350,text/pages-326-350.md,pdf-page-350
351,text/pages-351-375.md,pdf-page-351
352,text/pages-351-375.md,pdf-page-352
353,text/pages-351-375.md,pdf-page-353
354,text/pages-351-375.md,pdf-page-354
355,text/pages-351-375.md,pdf-page-355
356,text/pages-351-375.md,pdf-page-356
357,text/pages-351-375.md,pdf-page-357
358,text/pages-351-375.md,pdf-page-358
359,text/pages-351-375.md,pdf-page-359
360,text/pages-351-375.md,pdf-page-360
361,text/pages-351-375.md,pdf-page-361
362,text/pages-351-375.md,pdf-page-362
363,text/pages-351-375.md,pdf-page-363
364,text/pages-351-375.md,pdf-page-364
365,text/pages-351-375.md,pdf-page-365
366,text/pages-351-375.md,pdf-page-366
367,text/pages-351-375.md,pdf-page-367
368,text/pages-351-375.md,pdf-page-368
369,text/pages-351-375.md,pdf-page-369
370,text/pages-351-375.md,pdf-page-370
371,text/pages-351-375.md,pdf-page-371
372,text/pages-351-375.md,pdf-page-372
373,text/pages-351-375.md,pdf-page-373
374,text/pages-351-375.md,pdf-page-374
375,text/pages-351-375.md,pdf-page-375
376,text/pages-376-400.md,pdf-page-376
377,text/pages-376-400.md,pdf-page-377
378,text/pages-376-400.md,pdf-page-378
379,text/pages-376-400.md,pdf-page-379
380,text/pages-376-400.md,pdf-page-380
381,text/pages-376-400.md,pdf-page-381
382,text/pages-376-400.md,pdf-page-382
383,text/pages-376-400.md,pdf-page-383
384,text/pages-376-400.md,pdf-page-384
385,text/pages-376-400.md,pdf-page-385
386,text/pages-376-400.md,pdf-page-386
387,text/pages-376-400.md,pdf-page-387
388,text/pages-376-400.md,pdf-page-388
389,text/pages-376-400.md,pdf-page-389
390,text/pages-376-400.md,pdf-page-390
391,text/pages-376-400.md,pdf-page-391
392,text/pages-376-400.md,pdf-page-392
393,text/pages-376-400.md,pdf-page-393
394,text/pages-376-400.md,pdf-page-394
395,text/pages-376-400.md,pdf-page-395
396,text/pages-376-400.md,pdf-page-396
397,text/pages-376-400.md,pdf-page-397
398,text/pages-376-400.md,pdf-page-398
399,text/pages-376-400.md,pdf-page-399
400,text/pages-376-400.md,pdf-page-400
401,text/pages-401-425.md,pdf-page-401
402,text/pages-401-425.md,pdf-page-402
403,text/pages-401-425.md,pdf-page-403
404,text/pages-401-425.md,pdf-page-404
405,text/pages-401-425.md,pdf-page-405
406,text/pages-401-425.md,pdf-page-406
407,text/pages-401-425.md,pdf-page-407
408,text/pages-401-425.md,pdf-page-408
409,text/pages-401-425.md,pdf-page-409
410,text/pages-401-425.md,pdf-page-410
411,text/pages-401-425.md,pdf-page-411
412,text/pages-401-425.md,pdf-page-412
413,text/pages-401-425.md,pdf-page-413
414,text/pages-401-425.md,pdf-page-414
415,text/pages-401-425.md,pdf-page-415
416,text/pages-401-425.md,pdf-page-416
417,text/pages-401-425.md,pdf-page-417
418,text/pages-401-425.md,pdf-page-418
419,text/pages-401-425.md,pdf-page-419
420,text/pages-401-425.md,pdf-page-420
421,text/pages-401-425.md,pdf-page-421
422,text/pages-401-425.md,pdf-page-422
423,text/pages-401-425.md,pdf-page-423
424,text/pages-401-425.md,pdf-page-424
425,text/pages-401-425.md,pdf-page-425
426,text/pages-426-450.md,pdf-page-426
427,text/pages-426-450.md,pdf-page-427
428,text/pages-426-450.md,pdf-page-428
429,text/pages-426-450.md,pdf-page-429
430,text/pages-426-450.md,pdf-page-430
431,text/pages-426-450.md,pdf-page-431
432,text/pages-426-450.md,pdf-page-432
433,text/pages-426-450.md,pdf-page-433
434,text/pages-426-450.md,pdf-page-434
435,text/pages-426-450.md,pdf-page-435
436,text/pages-426-450.md,pdf-page-436
437,text/pages-426-450.md,pdf-page-437
438,text/pages-426-450.md,pdf-page-438
439,text/pages-426-450.md,pdf-page-439
440,text/pages-426-450.md,pdf-page-440
441,text/pages-426-450.md,pdf-page-441
442,text/pages-426-450.md,pdf-page-442
443,text/pages-426-450.md,pdf-page-443
444,text/pages-426-450.md,pdf-page-444
445,text/pages-426-450.md,pdf-page-445
446,text/pages-426-450.md,pdf-page-446
447,text/pages-426-450.md,pdf-page-447
448,text/pages-426-450.md,pdf-page-448
449,text/pages-426-450.md,pdf-page-449
450,text/pages-426-450.md,pdf-page-450
451,text/pages-451-475.md,pdf-page-451
452,text/pages-451-475.md,pdf-page-452
453,text/pages-451-475.md,pdf-page-453
454,text/pages-451-475.md,pdf-page-454
455,text/pages-451-475.md,pdf-page-455
456,text/pages-451-475.md,pdf-page-456
457,text/pages-451-475.md,pdf-page-457
458,text/pages-451-475.md,pdf-page-458
459,text/pages-451-475.md,pdf-page-459
460,text/pages-451-475.md,pdf-page-460
461,text/pages-451-475.md,pdf-page-461
462,text/pages-451-475.md,pdf-page-462
463,text/pages-451-475.md,pdf-page-463
464,text/pages-451-475.md,pdf-page-464
465,text/pages-451-475.md,pdf-page-465
466,text/pages-451-475.md,pdf-page-466
467,text/pages-451-475.md,pdf-page-467
468,text/pages-451-475.md,pdf-page-468
469,text/pages-451-475.md,pdf-page-469
470,text/pages-451-475.md,pdf-page-470
471,text/pages-451-475.md,pdf-page-471
472,text/pages-451-475.md,pdf-page-472
473,text/pages-451-475.md,pdf-page-473
474,text/pages-451-475.md,pdf-page-474
475,text/pages-451-475.md,pdf-page-475
476,text/pages-476-500.md,pdf-page-476
477,text/pages-476-500.md,pdf-page-477
478,text/pages-476-500.md,pdf-page-478
479,text/pages-476-500.md,pdf-page-479
480,text/pages-476-500.md,pdf-page-480
481,text/pages-476-500.md,pdf-page-481
482,text/pages-476-500.md,pdf-page-482
483,text/pages-476-500.md,pdf-page-483
484,text/pages-476-500.md,pdf-page-484
485,text/pages-476-500.md,pdf-page-485
486,text/pages-476-500.md,pdf-page-486
487,text/pages-476-500.md,pdf-page-487
488,text/pages-476-500.md,pdf-page-488
489,text/pages-476-500.md,pdf-page-489
490,text/pages-476-500.md,pdf-page-490
491,text/pages-476-500.md,pdf-page-491
492,text/pages-476-500.md,pdf-page-492
493,text/pages-476-500.md,pdf-page-493
494,text/pages-476-500.md,pdf-page-494
495,text/pages-476-500.md,pdf-page-495
496,text/pages-476-500.md,pdf-page-496
497,text/pages-476-500.md,pdf-page-497
498,text/pages-476-500.md,pdf-page-498
499,text/pages-476-500.md,pdf-page-499
500,text/pages-476-500.md,pdf-page-500
501,text/pages-501-525.md,pdf-page-501
502,text/pages-501-525.md,pdf-page-502
503,text/pages-501-525.md,pdf-page-503
504,text/pages-501-525.md,pdf-page-504
505,text/pages-501-525.md,pdf-page-505
506,text/pages-501-525.md,pdf-page-506
507,text/pages-501-525.md,pdf-page-507
508,text/pages-501-525.md,pdf-page-508
509,text/pages-501-525.md,pdf-page-509
510,text/pages-501-525.md,pdf-page-510
511,text/pages-501-525.md,pdf-page-511
512,text/pages-501-525.md,pdf-page-512
513,text/pages-501-525.md,pdf-page-513
514,text/pages-501-525.md,pdf-page-514
515,text/pages-501-525.md,pdf-page-515
516,text/pages-501-525.md,pdf-page-516
517,text/pages-501-525.md,pdf-page-517
518,text/pages-501-525.md,pdf-page-518
519,text/pages-501-525.md,pdf-page-519
520,text/pages-501-525.md,pdf-page-520
521,text/pages-501-525.md,pdf-page-521
522,text/pages-501-525.md,pdf-page-522
523,text/pages-501-525.md,pdf-page-523
524,text/pages-501-525.md,pdf-page-524
525,text/pages-501-525.md,pdf-page-525
526,text/pages-526-550.md,pdf-page-526
527,text/pages-526-550.md,pdf-page-527
528,text/pages-526-550.md,pdf-page-528
529,text/pages-526-550.md,pdf-page-529
530,text/pages-526-550.md,pdf-page-530
531,text/pages-526-550.md,pdf-page-531
532,text/pages-526-550.md,pdf-page-532
533,text/pages-526-550.md,pdf-page-533
534,text/pages-526-550.md,pdf-page-534
535,text/pages-526-550.md,pdf-page-535
536,text/pages-526-550.md,pdf-page-536
537,text/pages-526-550.md,pdf-page-537
538,text/pages-526-550.md,pdf-page-538
539,text/pages-526-550.md,pdf-page-539
540,text/pages-526-550.md,pdf-page-540
541,text/pages-526-550.md,pdf-page-541
542,text/pages-526-550.md,pdf-page-542
543,text/pages-526-550.md,pdf-page-543
544,text/pages-526-550.md,pdf-page-544
545,text/pages-526-550.md,pdf-page-545
546,text/pages-526-550.md,pdf-page-546
547,text/pages-526-550.md,pdf-page-547
548,text/pages-526-550.md,pdf-page-548
549,text/pages-526-550.md,pdf-page-549
550,text/pages-526-550.md,pdf-page-550
551,text/pages-551-575.md,pdf-page-551
552,text/pages-551-575.md,pdf-page-552
553,text/pages-551-575.md,pdf-page-553
554,text/pages-551-575.md,pdf-page-554
555,text/pages-551-575.md,pdf-page-555
556,text/pages-551-575.md,pdf-page-556
557,text/pages-551-575.md,pdf-page-557
558,text/pages-551-575.md,pdf-page-558
559,text/pages-551-575.md,pdf-page-559
560,text/pages-551-575.md,pdf-page-560
561,text/pages-551-575.md,pdf-page-561
562,text/pages-551-575.md,pdf-page-562
563,text/pages-551-575.md,pdf-page-563
564,text/pages-551-575.md,pdf-page-564
565,text/pages-551-575.md,pdf-page-565
566,text/pages-551-575.md,pdf-page-566
567,text/pages-551-575.md,pdf-page-567
568,text/pages-551-575.md,pdf-page-568
569,text/pages-551-575.md,pdf-page-569
570,text/pages-551-575.md,pdf-page-570
571,text/pages-551-575.md,pdf-page-571
572,text/pages-551-575.md,pdf-page-572
573,text/pages-551-575.md,pdf-page-573
574,text/pages-551-575.md,pdf-page-574
575,text/pages-551-575.md,pdf-page-575
576,text/pages-576-600.md,pdf-page-576
577,text/pages-576-600.md,pdf-page-577
578,text/pages-576-600.md,pdf-page-578
579,text/pages-576-600.md,pdf-page-579
580,text/pages-576-600.md,pdf-page-580
581,text/pages-576-600.md,pdf-page-581
582,text/pages-576-600.md,pdf-page-582
583,text/pages-576-600.md,pdf-page-583
584,text/pages-576-600.md,pdf-page-584
585,text/pages-576-600.md,pdf-page-585
586,text/pages-576-600.md,pdf-page-586
587,text/pages-576-600.md,pdf-page-587
588,text/pages-576-600.md,pdf-page-588
589,text/pages-576-600.md,pdf-page-589
590,text/pages-576-600.md,pdf-page-590
591,text/pages-576-600.md,pdf-page-591
592,text/pages-576-600.md,pdf-page-592
593,text/pages-576-600.md,pdf-page-593
594,text/pages-576-600.md,pdf-page-594
595,text/pages-576-600.md,pdf-page-595
596,text/pages-576-600.md,pdf-page-596
597,text/pages-576-600.md,pdf-page-597
598,text/pages-576-600.md,pdf-page-598
599,text/pages-576-600.md,pdf-page-599
600,text/pages-576-600.md,pdf-page-600
601,text/pages-601-625.md,pdf-page-601
602,text/pages-601-625.md,pdf-page-602
603,text/pages-601-625.md,pdf-page-603
604,text/pages-601-625.md,pdf-page-604
605,text/pages-601-625.md,pdf-page-605
606,text/pages-601-625.md,pdf-page-606
607,text/pages-601-625.md,pdf-page-607
608,text/pages-601-625.md,pdf-page-608
609,text/pages-601-625.md,pdf-page-609
610,text/pages-601-625.md,pdf-page-610
611,text/pages-601-625.md,pdf-page-611
612,text/pages-601-625.md,pdf-page-612
613,text/pages-601-625.md,pdf-page-613
614,text/pages-601-625.md,pdf-page-614
615,text/pages-601-625.md,pdf-page-615
616,text/pages-601-625.md,pdf-page-616
617,text/pages-601-625.md,pdf-page-617
618,text/pages-601-625.md,pdf-page-618
619,text/pages-601-625.md,pdf-page-619
620,text/pages-601-625.md,pdf-page-620
621,text/pages-601-625.md,pdf-page-621
622,text/pages-601-625.md,pdf-page-622
623,text/pages-601-625.md,pdf-page-623
624,text/pages-601-625.md,pdf-page-624
625,text/pages-601-625.md,pdf-page-625
626,text/pages-626-650.md,pdf-page-626
627,text/pages-626-650.md,pdf-page-627
628,text/pages-626-650.md,pdf-page-628
629,text/pages-626-650.md,pdf-page-629
630,text/pages-626-650.md,pdf-page-630
631,text/pages-626-650.md,pdf-page-631
632,text/pages-626-650.md,pdf-page-632
633,text/pages-626-650.md,pdf-page-633
634,text/pages-626-650.md,pdf-page-634
635,text/pages-626-650.md,pdf-page-635
636,text/pages-626-650.md,pdf-page-636
637,text/pages-626-650.md,pdf-page-637
638,text/pages-626-650.md,pdf-page-638
639,text/pages-626-650.md,pdf-page-639
640,text/pages-626-650.md,pdf-page-640
641,text/pages-626-650.md,pdf-page-641
642,text/pages-626-650.md,pdf-page-642
643,text/pages-626-650.md,pdf-page-643
644,text/pages-626-650.md,pdf-page-644
645,text/pages-626-650.md,pdf-page-645
646,text/pages-626-650.md,pdf-page-646
647,text/pages-626-650.md,pdf-page-647
648,text/pages-626-650.md,pdf-page-648
649,text/pages-626-650.md,pdf-page-649
650,text/pages-626-650.md,pdf-page-650
651,text/pages-651-675.md,pdf-page-651
652,text/pages-651-675.md,pdf-page-652
653,text/pages-651-675.md,pdf-page-653
654,text/pages-651-675.md,pdf-page-654
655,text/pages-651-675.md,pdf-page-655
656,text/pages-651-675.md,pdf-page-656
657,text/pages-651-675.md,pdf-page-657
658,text/pages-651-675.md,pdf-page-658
659,text/pages-651-675.md,pdf-page-659
660,text/pages-651-675.md,pdf-page-660
661,text/pages-651-675.md,pdf-page-661
662,text/pages-651-675.md,pdf-page-662
663,text/pages-651-675.md,pdf-page-663
664,text/pages-651-675.md,pdf-page-664
665,text/pages-651-675.md,pdf-page-665
666,text/pages-651-675.md,pdf-page-666
667,text/pages-651-675.md,pdf-page-667
668,text/pages-651-675.md,pdf-page-668
669,text/pages-651-675.md,pdf-page-669
670,text/pages-651-675.md,pdf-page-670
671,text/pages-651-675.md,pdf-page-671
672,text/pages-651-675.md,pdf-page-672
673,text/pages-651-675.md,pdf-page-673
674,text/pages-651-675.md,pdf-page-674
675,text/pages-651-675.md,pdf-page-675
676,text/pages-676-700.md,pdf-page-676
677,text/pages-676-700.md,pdf-page-677
678,text/pages-676-700.md,pdf-page-678
679,text/pages-676-700.md,pdf-page-679
680,text/pages-676-700.md,pdf-page-680
681,text/pages-676-700.md,pdf-page-681
682,text/pages-676-700.md,pdf-page-682
683,text/pages-676-700.md,pdf-page-683
684,text/pages-676-700.md,pdf-page-684
685,text/pages-676-700.md,pdf-page-685
686,text/pages-676-700.md,pdf-page-686
687,text/pages-676-700.md,pdf-page-687
688,text/pages-676-700.md,pdf-page-688
689,text/pages-676-700.md,pdf-page-689
690,text/pages-676-700.md,pdf-page-690
691,text/pages-676-700.md,pdf-page-691
692,text/pages-676-700.md,pdf-page-692
693,text/pages-676-700.md,pdf-page-693
694,text/pages-676-700.md,pdf-page-694
695,text/pages-676-700.md,pdf-page-695
696,text/pages-676-700.md,pdf-page-696
697,text/pages-676-700.md,pdf-page-697
698,text/pages-676-700.md,pdf-page-698
699,text/pages-676-700.md,pdf-page-699
700,text/pages-676-700.md,pdf-page-700
701,text/pages-701-713.md,pdf-page-701
702,text/pages-701-713.md,pdf-page-702
703,text/pages-701-713.md,pdf-page-703
704,text/pages-701-713.md,pdf-page-704
705,text/pages-701-713.md,pdf-page-705
706,text/pages-701-713.md,pdf-page-706
707,text/pages-701-713.md,pdf-page-707
708,text/pages-701-713.md,pdf-page-708
709,text/pages-701-713.md,pdf-page-709
710,text/pages-701-713.md,pdf-page-710
711,text/pages-701-713.md,pdf-page-711
712,text/pages-701-713.md,pdf-page-712
713,text/pages-701-713.md,pdf-page-713
